brand,product,price,benefits,oneliner,img,ingredients,description,category,sub-category
Mario Badescu,"Facial Spray With Aloe, Cucumber And Green Tea",$19.00 ,HydratingBrightening,Cool and refresh with an antioxidant boost.,https://www.mecca.com.au/on/demandware.static/-/Sites-mecca-online-catalog/default/dw85ddd5c1/product/mario/hr/i-032369-facial-spray-cucumber-236ml-1-940.jpg,"Aqua (water, eau), propylene glycol, mentha piperita (peppermint) leaf water, cucumis sativus (cucumber) fruit water, aloe barbadensis leaf juice, camellia sinensis leaf extract, cucumis sativus (cucumber) fruit extract, fucus vesiculosus (bladderwrack) extract, propanediol, polysorbate 20, ethylhexylglycerin, benzophenone-4, parfum (fragrance), sodium chloride, citric acid, potassium sorbate, sodium benzoate, hexyl cinnamal, limonene, linalool, ci 19140 (yellow 5), ci 42090 (blue 1)","A nutrient-rich spritz that hydrates, cools and invigorates dull, tired skin. Use before moisturiser to tone, after makeup to add a dewy finish and throughout the day to re-energise the skin.",Cleanser & Toner,Toner
Mario Badescu,Dewy Skin Delights,$24.00 ,HydratingSulphate-freeAlcohol-free,Mini Mario Badescu must haves.,https://www.mecca.com.au/on/demandware.static/-/Sites-mecca-online-catalog/default/dw756c4d3e/product/mario/hr/i-045550-dewy-skin-delights-1-940.jpg,"Aqua (water, eau), glyceryl stearate, paraffinum liquidum (mineral oil, huile min rale), zea mays (corn) oil, tocopheryl acetate, propylene glycol, cetyl alcohol, triticum vulgare (wheat) germ oil, retinyl palmitate, glycerin, parfum (fragrance), triethanolamine, propylparaben, amyl cinnamal, benzyl alcohol, citronellol, eugenol, geraniol, hexyl cinnamal, isoeugenol, butylphenyl methylpropional, limonene, linalool, methyl 2-octynoate, alpha-isomethyl ionone, ci 77891 (titanium dioxide), Hydrogenated polydecene, cocoglycerides, ethylene/propylene/styrene copolymer, dimethicone, brassica glycerides, persea gratissima (avocado) oil, glyceryl behenate, microcrystalline cellulose, polyhydroxystearic acid, jojoba esters, helianthus annuus (sunflower) seed wax, theobroma cacao (cocoa) seed butter, prunus amygdalus dulcis (sweet almond) oil, silica silylate, silica, cera alba (beeswax, cire d abeille), chamomilla recutita (matricaria) flower extract, raspberry seed oil/tocopheryl succinate aminopropanediol esters, dimethicone crosspolymer, dimethicone/vinyl dimethicone crosspolymer, aloe barbadensis leaf extract, glyceryl rosinate, hydrogenated vegetable oil, olea europaea (olive) oil unsaponifiables, acacia decurrens flower cera, tocopherol, butylene/ethylene/styrene copolymer, candelilla cera (euphorbia cerifera (candelilla) wax, cire de candelilla), polysorbate 80, polyglycerin-3, linoleic acid, hydrolyzed corn starch, sucralose, aroma (flavor), linolenic acid, hydrated silica, pentaerythrityl tetra-di-t-butyl hydroxyhydrocinnamate, Aqua (water, eau), propylene glycol, aloe barbadensis leaf juice, rosa canina extract, thymus vulgaris (thyme) leaf extract, fucus vesiculosus (bladderwrack) extract, gardenia florida fruit extract, caprylyl glycol, hexylene glycol, polysorbate 20, parfum (fragrance), phenoxyethanol, sodium chloride, citronellol, geraniol, ci 17200 (red 33), ci 42090 (blue 1), Aqua (water, eau), aloe barbadensis leaf juice, pentylene glycol, neopentyl glycol diheptanoate, glycerin, isododecane, caprylic/capric glycerides, squalane, sodium hyaluronate, hydrolyzed sodium hyaluronate, camellia sinensis leaf extract, cucumis sativus (cucumber) extract, thymus vulgaris (thyme) extract, hydroxyethyl acrylate/sodium acryloyldimethyl taurate copolymer, silica, propylene glycol, phenoxyethanol, isohexadecane, polyacrylate-13, polyisobutene, ammonium acryloyldimethyltaurate/vp copolymer, chlorphenesin, caprylyl glycol, polysorbate 60, sorbitan isostearate, bht, polysorbate 20, citric acid, potassium sorbate, sodium benzoate","A collection of delightful minis, perfectly sized to store in your hand bag and take with you on-the-go. Included is the cult favourite Facial Spray with Aloe, Herbs and Rosewater 29 ml to refresh and reset, Special Hand Cream with Vitamin E 29 ml for silky-smooth hands, Lip Balm 10 g for petal-soft lips and Hyaluronic Dew Cream 10 g for your dewiest skin yet.",Skin Care Packs,
Eve Lom,Iconic Cleanse Ornament Set,$37.00 ,Paraben-free,An iconic cleansing duo.,https://www.mecca.com.au/on/demandware.static/-/Sites-mecca-online-catalog/default/dwd40582ae/product/evelom/hr/i-045533-iconic-cleanse-ornament-set-1-940.jpg,"paraffinum liquidum, peg-30 lanolin, cetearyl alcohol, bis-diglyceryl polyacyladipate-2, aluminum stearate, theobroma cacao (cocoa) seed butter, peg-75 lanolin, phenoxyethanol, chamomilla recutita (matricaria) flower oil, eucalyptus globulus leaf oil, eugenia caryophyllus (clove) leaf oil, humulus lupulus (hops) cone oil, bht, eugenol, limonene","Give the gift of radiant skin with this ornament-themed holiday set from Eve Lom. Featuring the iconic, award winning cleanser (20ml) described by Vogue as,  probably the best cleanser in the world  alongside a specially woven, travel size 100% cotton muslin cloth. This multi-benefit, 5-in-1 product deeply cleanses and removes even the most stubborn waterproof make-up, gently exfoliates, decongests, tones and improves circulation. Skin is left cleansed, nourished, smoothed and luminous.",Skin Care Packs,
Mario Badescu,"Facial Spray With Aloe, Herbs & Rosewater",$19.00 ,VeganHydratingBrightening,A hydrating spray for moisture and radiance.,https://www.mecca.com.au/on/demandware.static/-/Sites-mecca-online-catalog/default/dw1129086a/product/mario/hr/i-023967-facial-spray-with-aloe-herbs-rosewater-236-ml-1-940.jpg,"Aqua (water, eau), propylene glycol, aloe barbadensis leaf juice, rosa canina extract, thymus vulgaris (thyme) leaf extract, fucus vesiculosus (bladderwrack) extract, gardenia florida fruit extract, caprylyl glycol, hexylene glycol, polysorbate 20, parfum (fragrance), phenoxyethanol, sodium chloride, citronellol, geraniol, ci 17200 (red 33), ci 42090 (blue 1)","A refreshing facial spray that will instantly hydrate, add radiance and soothe stressed, tight skin. Mist over face before or after makeup to add a dewy finish, through the hair to hydrate brittle ends or to refresh skin throughout the day. Formulated with fragrant herbal extracts including rose, thyme and gardenia, this spritz can work as aromatherapy to also calm the mind. ",Cleanser & Toner,Toner
Eve Lom,Begin & End Gift Set,$302.00 ,HydratingBrighteningExfoliatingParaben-free,A hardworking cleansing and moisturising trio.,https://www.mecca.com.au/on/demandware.static/-/Sites-mecca-online-catalog/default/dw0916b654/product/evelom/hr/i-045535-begin-end-gift-set-1-940.jpg,"Aqua (water), caprylic/capric triglyceride, c12-15 alkyl benzoate, propanediol, glycerin, c12-16 alcohols, dimethicone, sodium acrylates crosspolymer-2, glyceryl stearate se, xylitylglucoside, betaine, palmitic acid, phenoxyethanol, anhydroxylitol, hydrogenated lecithin, crambe abyssinica seed oil, helianthus annuus (sunflower) seed oil, prunus persica (peach) flower extract, marrubium vulgare extract, polyacrylate crosspolymer-6, sodium acetylated hyaluronate, xylitol, ethylhexylglycerin, tocopheryl acetate, citric acid, disodium edta, lavandula angustifolia (lavender) oil, rosmarinus officinalis (rosemary) leaf extract, sodium benzoate, limonene, citrus limon (lemon) peel oil, coriandrum sativum (coriander) seed oil, cymbopogon nardus (citronella) oil, mentha piperita (peppermint) oil, citrus aurantium amara (bitter orange) peel oil, litsea cubeba fruit oil, mentha piperita (peppermint) leaf extract, pelargonium graveolens flower oil, pogostemon cablin leaf oil, anthemis nobilis flower oil, boswellia carterii oil, linalool, limonene, citral, geraniol","Give the gift of radiant, dewy skin with this three-piece holiday set from Eve Lom. Featuring the iconic, award winning Cleanser 200ml, alongside a specially woven, 100% cotton muslin cloth (full size) and the nourishing, anti-ageing Moisture Cream 50ml. This hardworking set cleanses and hydrates the complexion, gently exfoliates, decongests and soothes. Skin is left cleansed, nourished and radiant, the appearance of fine lines are diminished and hydration levels are increased for up to 72 hours! ",Skin Care Packs,
Mario Badescu,Mini Mist Collection,$32.00 ,VeganHydratingParaben-freeAlcohol-free,"Hydrate, refresh and reset.",https://www.mecca.com.au/on/demandware.static/-/Sites-mecca-online-catalog/default/dwe3a7b875/product/mario/hr/i-045549-mini-mist-collection-1-940.jpg,"Aqua (water, eau), propylene glycol, aloe barbadensis leaf juice, rosa canina extract, thymus vulgaris (thyme) leaf extract, fucus vesiculosus (bladderwrack) extract, gardenia florida fruit extract, caprylyl glycol, hexylene glycol, polysorbate 20, parfum (fragrance), phenoxyethanol, sodium chloride, citronellol, geraniol, ci 17200 (red 33), ci 42090 (blue 1), Aqua (water, eau), propylene glycol, mentha piperita (peppermint) leaf water, cucumis sativus (cucumber) fruit water, aloe barbadensis leaf juice, camellia sinensis leaf extract, cucumis sativus (cucumber) fruit extract, fucus vesiculosus (bladderwrack) extract, propanediol, polysorbate 20, ethylhexylglycerin, benzophenone-4, parfum (fragrance), sodium chloride, citric acid, potassium sorbate, sodium benzoate, hexyl cinnamal, limonene, linalool, ci 19140 (yellow 5), ci 42090 (blue 1), Aqua (water, eau), lavandula angustifolia (lavender) flower water, propylene glycol, polysorbate 20, aloe barbadensis leaf juice, lavandula angustifolia (lavender) oil, chamomilla recutita (matricaria) flower extract, fucus vesiculosus (bladderwrack) extract, 3-o-ethyl ascorbic acid, thymus vulgaris (thyme) leaf extract, potassium sorbate, sodium benzoate, benzophenone-4, triethanolamine, propanediol, sodium sulfate, citric acid, ethylhexylglycerin, sodium chloride, ci 60730 (violet 2), Aqua (water, eau), propylene glycol, salvia officinalis (sage) flower/leaf/stem water, citrus aurantium amara (bitter orange) flower water, thymus vulgaris (thyme) leaf extract, salvia officinalis (sage) leaf extract, aloe barbadensis leaf juice, fucus vesiculosus (bladderwrack) extract, propanediol, ethylhexylglycerin, benzophenone-4, parfum (fragrance), sodium chloride, citric acid, potassium sorbate, sodium benzoate, hexyl cinnamal, limonene, linalool, ci 19140 (yellow 5), ci 15985 (yellow 6), ci 16035 (red 40)","A collection of four bestselling Mario Badescu facial mists. This limited-edition set is just what skin needs to keep it hydrated, refreshed and glowing, simply match the mist to your mood. ",Skin Care Packs,
Omorovicza,Perfecting Duo,$94.00 ,HydratingBrighteningSulphate-freeParaben-freeAlcohol-free,Holiday ornament featuring Omorovicza favourites,https://www.mecca.com.au/on/demandware.static/-/Sites-mecca-online-catalog/default/dw44a8c279/product/omorovicza/hr/i-045640-perfecting-duo-1-940.jpg,"Aqua (hungarian thermal water), glycerin, polysorbate 20, phenoxyethanol, pyrus malus (apple) fruit extract, saccharomyces (hungarian thermal water) ferment extract, disodium edta, ethylhexylglycerin, mannitol, malpighia punicifolia (acerola) fruit extract, chlorella vulgaris/lupinus albus protein ferment, pectin, rosa damascena flower water, citrus aurantium dulcis (orange) flower water, salvia officinalis (sage) leaf water, phospholipids, yeast extract, linalool, geraniol, citronellol, Ricinus communis (castor) seed oil, diisostearoyl polyglyceryl-3 dimer dilinoleate, cera alba (beeswax), theobroma cacao (cocoa) seed butter, ethylhexyl palmitate, lanolin, butyrospermum parkii (shea) butter, prunus armeniaca (apricot) kernel oil, prunus domestica (plum) fruit extract, menthyl pca, helianthus annuus (sunflower) seed oil, benzyl alcohol, parfum (aroma (flavor)), safflower oil/palm oil aminopropanediol esters, tribehenin, calendula officinalis (calendula) flower extract, ascorbyl tetraisopalmitate, tocopherol, silica dimethyl silylate, aqua, dehydroacetic acid, phenoxyethanol, sodium saccharin, sorbitan isostearate, eucalyptus globulus (eucalyptus) leaf oil, mica, ci77891 (titanium dioxide), sodium hyaluronate, ci75470 (carmine), palmitoyl oligopeptide, citronellol, benzyl salyciate, limonene, linalool","A limited-edition holiday ornament featuring the Queen of Hungary Mist 50ml in gorgeous rose gold packaging, it instantly refreshes skin and lifts the spirits, and the Perfecting Lip Balm 10ml to smooth, hydrate and plump lips. ",Skin Care Packs,
Omorovicza,Mini Mud Set,$92.00 ,HydratingExfoliating,Ultimate trio for refreshed and glowing skin.,https://www.mecca.com.au/on/demandware.static/-/Sites-mecca-online-catalog/default/dwd577fde6/product/omorovicza/hr/i-045641-mini-mud-set-1-940.jpg,"Glycerin, silt (hungarian mud), copper gluconate, cetearyl olivate, lava powder, sorbitan olivate, sodium cocoyl glutamate, silica, aqua (water), phenoxyethanol, lactobionic acid, mangifera indica (mango) pulp extract, spondias mombin pulp extract, musa sapientum (banana) pulp extract, saccharomyces (hungarian thermal water) ferment extract, parfum (fragrance), xanthan gum, ethylhexylglycerin, aqua (hungarian thermal water), caprylic/capric triglyceride, phaeodactylum tricornutum extract, phospholipids, benzyl alcohol, potassium sorbate, tocopherol, linalool, limonene, citronellol, geraniol, Prunus amygdalus dulcis (sweet almond) oil, cetearyl ethylhexanoate, glyceryl stearate, silt (hungarian mud), cera alba (beeswax), squalane, stearyl heptanoate, cetearyl alcohol, prunus domestica (plum) seed extract, prunus armeniaca (apricot) kernel oil, sodium cocoyl glutamate, phenoxyethanol, parfum (fragrance), benzyl alcohol, ethylhexylglycerin, tocopherol, saccharomyces (hungarian thermal water) ferment extract, aqua (hungarian thermal water), malpighia punicifolia (acerola) fruit extract, aqua, dehydroacetic acid, phospholipids, linalool, limonene, Aqua (hungarian thermal water), kaolin, glycerin, cetearyl alcohol, silt (hungarian mud), stearic acid, cetearyl olivate, zinc oxide, phenoxyethanol, sorbitan olivate, mannitol, malpighia punicifolia (acerola) fruit extract, saccharomyces (hungarian thermal water) ferment extract, tocopherol, ethylhexylglycerin, sodium hydroxide, parfum (fragrance), yeast extract, phospholipids, linalool, limonene, citronellol, geraniol","A travel size collection featuring three Omorovicza favourites, that brings the in-spa feeling with you wherever you are. Included is the Refining Face Polisher 30ml which helps to refine skin texture, tone and brightens. Followed by the cult favorite Thermal Cleansing Balm 15ml rich in Hungarian Moor Mud, it helps to clear congested pores, draw out impurities and makeup. Finally, the Deep Cleansing Mask 15ml brightens skin tone and leaves it more supple.",Skin Care Packs,
Omorovicza,Glow Discovery Set,$264.00 ,HydratingExfoliatingFades pigmentation,A collection of Omorovicza favourites.,https://www.mecca.com.au/on/demandware.static/-/Sites-mecca-online-catalog/default/dw759da737/product/omorovicza/hr/i-045642-glow-discovery-set-1-940.jpg,"Aqua (hungarian thermal water), glycerin, cetearyl ethylhexanoate, caprylic/capric triglyceride, cetearyl olivate, helianthus annuus (sunflower) seed oil, sorbitan olivate, stearic acid, yeast extract, prunus armeniaca (apricot) kernel oil, cetearyl alcohol, butyrospermum parkii (shea butter), calendula officinalis flower extract, xanthan gum, tocopherol, leuconostoc/radish root ferment filtrate, phospholipids, lactic acid, parfum / fragrance, disodium edta, sodium levulinate, sodium anisate, dehydroacetic acid, benzyl alcohol, sodium hydroxide, linalool, benzyl salicylate, citronellol geraniol, limonene, Aqua (hungarian thermal water), glycerin, sodium cocoyl isethionate, sorbitol, disodium lauryl sulfosuccinate, sodium chloride, phenoxyethanol, saccharomyces (hungarian thermal water) ferment extract, limonene, xanthan gum, parfum (fragrance), copper gluconate, linalool, ethylhexylglycerin, disodium edta, pyrus malus (apple) fruit extract, phospholipids, chlorella vulgaris/lupinus albus proteine ferment, pectin, Aqua (hungarian thermal water), glycerin, propanediol, sodium ascorbyl phosphate, alcohol, yeast extract, sclerotium gum, sodium levulinate, alcohol denat., niacinamide, sodium anisate, xanthan gum, zinc pca, potassium sorbate, citric acid, caprylyl/capryl glucoside, benzyl alcohol, parfum (fragrance), ci 77891 (titanium dioxide), chlorella vulgaris/lupinus albus protein ferment, nasturtium officinale flower/leaf extract, sodium hyaluronate, phospholipids, leuconostoc/radish root ferment filtrate, sodium benzoate, actinidia arguta fruit extract, limonene, linalool, benzyl salicylate, citronellol, geraniol, Prunus amygdalus dulcis (sweet almond) oil, caprylic/capric triglyceride, prunus armeniaca (apricot) kernel oil, bakuchiol, borago officinalis seed oil, gossypium herbaceum (cotton) seed oil, oenothera biennis (evening primrose) oil, simmondsia chinensis (jojoba) seed oil, rosa canina fruit oil, linum usitatissimum (linseed) seed oil, fragrance, hippophae rhamnoides oil, algae (alaria esculents) extract, brassica campestris (rapeseed) seed oil, rosmarinus officinalis (rosemary) leaf extract, tocopherol, helianthus annuus (sunflower) seed oil, linalool, geraniol, cinnamyl alcohol","Get your glow on with this luxurious set from Omorovicza, featuring four favourites designed to cleanse, hydrate and brighten. Included is the Cleansing Foam 30ml to gently cleanse skin and remove makeup and impurities. The Queen of Hungary Mist 30ml which refreshes and deeply hydrates. The Daily Vitamin C 30ml an antioxidant rich serum that helps to boost collagen production and protects against free radicals. Lastly, the Miracle Facial Oil 5ml a deeply hydrating age-defying oil that stimulates the skin's repair process.",Skin Care Packs,
Kylie Skin,Face Moisturizer,$40.00 ,VeganHydratingSulphate-freeParaben-freeFragrance-free,A daily facial moisturiser for all skin types.,https://www.mecca.com.au/on/demandware.static/-/Sites-mecca-online-catalog/default/dwdc7481f3/product/kylies/hr/i-047476-kylie-skin-face-moisturizer-1-940.jpg,"Water/aqua/eau, isopropyl palmitate, propanediol, dicaprylyl carbonate, jojoba esters, glycerin, butyrospermum parkii (shea) butter, dimethicone, sorbitan stearate, stearic acid, glyceryl stearate, peg-100 stearate, coco-caprylate/caprate, prunus amygdalus dulcis (sweet almond) oil, phenoxyethanol, cetyl alcohol, hydroxyethyl acrylate/sodium acryloyldimethyl taurate copolymer, polysorbate 40, chlorphenesin, avena sativa (oat) bran extract, carbomer, musa sapientum (banana) leaf extract, trisodium ethylenediamine disuccinate, fructose, ethylhexylglycerin, aminomethyl propanol, citrus aurantium dulcis (orange) peel extract, polysorbate 60, sorbitan isostearate, withania somnifera root extract, backhousia citriodora leaf extract, sodium hyaluronate, aloe barbadensis leaf juice, tocopherol, potassium sorbate, citric acid, actinidia chinensis (kiwi) seed oil","This non-comedogenic, fragrance-free moisturiser will slot into any and all beauty regimens seamlessly. Suitable for all skin types, this daily facial moisturiser conditions the skin for a soft-to-the touch finish thanks to oat and orange-peel extracts while shea butter helps moisturise and sodium hyaluronate hydrates and plumps. Formulated with a combination of humectants and emollients, skin is left hydrated and, importantly, never greasy or oily. Use in the morning to create the perfect base for your makeup or before bed for continuous hydration while you sleep.",Moisturiser,Moisturiser
REN Clean Skincare,Ready Steady Glow Daily AHA Tonic,$72.00 ,VeganExfoliatingParaben-free,A daily tonic to boost radiance.,https://www.mecca.com.au/on/demandware.static/-/Sites-mecca-online-catalog/default/dw64eaa3bc/product/ren/hr/i-045842-ready-steady-glow-daily-aha-tonic-500ml-1-940.jpg,"Aqua (water), sodium lactate, lactic acid, heptyl glucoside, potassium azeloyl diglycinate, triethyl citrate, glyceryl caprylate, salix nigra (willow) bark extract, benzoic acid, citrus nobilis (mandarin) peel oil, citrus aurantium dulcis (orange) flower oil, citrus grandis (grapefruit) peel oil, citrus tangerina (tangerine) peel oil, heptanol, parfum (fragrance), limonene","Keep your skin looking healthy and clean with this ingenious tonic, gentle enough to use daily yet potent enough to exfoliate and brighten. This luscious liquid uncovers beautifully balanced radiance by gently exfoliating the skin, promoting cell renewal and unclogging the pores. Lactic and azelaic acids combined with white willow bark boost and brighten your complexion, contributing to that enviable glow that you have been lusting after.",Cleanser & Toner,Toner
Origins,Best of The Season Gift Set,$16.00 ,Paraben-free,"Skincare trio to cleanse, soothe and hydrate.",https://www.mecca.com.au/on/demandware.static/-/Sites-mecca-online-catalog/default/dw1b4ab1f7/product/origin/hr/i-045837-black-friday-2021-set-1-940.jpg,"Water/aqua/eau; lavandula angustifolia (lavender) flower water,  myristic acid,  glycerin,  behenic acid,  sodium methyl cocoyl taurate,  palmitic acid,  potassium hydroxide,  lauric acid,  stearic acid,  anthemis nobilis flower oil , mentha viridis (spearmint) leaf oil, pelargonium graveolens flower oil, lavandula hybrida oil, citrus aurantium bergamia (bergamot) fruit oil, styrax benzoin gum, linalool,  peg-3 distearate,  tourmaline,  laminaria saccharina extract,  hydrolyzed wheat protein,  cetearyl alcohol,  polyquaternium-7,  butylene glycol,  disodium edta,  methylchloroisothiazolinone,  methylisothiazolinone  essential oil, Water/aqua/eau, carthamus tinctorius (safflower) seed oil, butylene glycol, squalane, peg-100 stearate, caprylic/capric triglyceride, glyceryl stearate, tribehenin, glycerin, cetearyl alcohol, euphorbia cerifera (candelilla) wax/candelilla cera/cire de candelilla, kaolin, citrus aurantium dulcis (orange) oil lavandula angustifolia (lavender) oil, pogostemon cablin (patchouli) oil, citrus nobilis (mandarin orange) peel oil, pelargonium graveolens flower oil, boswellia carterii (olibanum) oil , limonene, linalool, citronellol, geraniol, citral, ganoderma lucidum (reishi mushroom) extract, fuscoporia obliqua sclerotium extract, cordyceps sinensis (mushroom) extract, ergothioneine, camelina sativa seed oil, lactobacillus ferment, hippophae rhamnoides extract, zingiber officinale (ginger) root extract, ocimum sanctum (holy basil) leaf extract, curcuma longa (turmeric) root extract, olea europaea (olive) leaf extract, silybum marianum fruit extract, persea gratissima (avocado) fruit extract, ascophyllum nodosum extract, sucrose, astrocaryum murumuru seed butter, asparagopsis armata extract, yeast extract/faex/extrait de levure, cladosiphon okamuranus extract, hypnea musciformis (algae) extract, behenyl alcohol, sorbitol, trehalose, adansonia digitata seed oil, caprylyl glycol, caffeine, gellidiella acerosa extract, calcium carbonate, helianthus annuus (sunflower) seed oil, polysorbate 20, phytosterols, maltodextrin, tocotrienols, phytosphingosine, squalene, saccharomyces ferment filtrate, tocopherol, sodium hyaluronate, potassium hydroxide, carbomer, hexylene glycol, elaeis guineensis (palm) oil, dextrin, phenoxyethanol, iron oxides (ci 77491, ci 77492, ci 77499), titanium dioxide (ci 77891) organic safflower oil, organic sunflower oil, organic sea buckthorn extract, organic ginger extract, organic turmeric extract, organic sucrose (brown sugar)organic essential oils: organic orange oil, organic mandarin oil, organic patchouli oil, organic geranium oil, organic lavender oilessential oil, Water, Methyl Trimethicone, Butylene Glycol, Glycerin, Jojoba Esters, Panthenol, Dicaprylyl Carbonate, Citrus Limon (Lemon) Peel Oil, Citrus Grandis (Grapefruit) Peel Oil, Mentha Viridis (Spearmint) Leaf Oil, Limonene, Aloe Barbadensis Leaf Extract, Butyrospermum Parkii (Shea Butter), Simmondsia Chinensis (Jojoba) Butter, Castanea Sativa (Chestnut) Seed Extract, Rubus Idaeus (Raspberry) Leaf Wax, Dimethicone, Coleus Barbatus Extract, Hordeum Vulgare (Barley) Extract/Extrait D'Orge, Trehalose, Triticum Vulgare (Wheat) Germ Extract, Panax Ginseng (Ginseng) Root Extract, Ammonium Acryloyldimethyltaurate/Vp Copolymer, Salicylic Acid, Foeniculum Vulgare (Fennel) Seed Extract, Rosmarinus Officinalis (Rosemary) Leaf Extract, Phospholipids, Tocopheryl Acetate, Sodium Pca, Arginine, Caffeine, Cholesterol, Linoleic Acid, Biotin, Folic Acid, Tetrahexyldecyl Ascorbate, Polysilicone-11, Carbomer, Pantethine, Squalane, Sodium Hyaluronate, Hexylene Glycol, Lecithin, Calcium Carbonate, Caprylyl Glycol, Ethylhexylglycerin, Tromethamine, Phenoxyethanol, Essential Oil","A skincare trio designed to cleanse, soothe and hydrate. Included is Origins best selling Checks and Balances  Frothy Face Wash, to wash away dirt, oils and makeup. Next, Mega-Mushroom Relief & Resilience Soothing Treatment Lotion to instantly refresh, hydrate and soothe skin. Lastly, GinZing  Oil-Free Energy-Boosting Gel Moisturizer that drenches skin in 72 hour hydration and boosts radiance. ",Skin Care Packs,
Kylie Skin,Eye Cream,$35.00 ,VeganSulphate-freeParaben-free,"Brightening, antioxidant-rich cream",https://www.mecca.com.au/on/demandware.static/-/Sites-mecca-online-catalog/default/dw0af48836/product/kylies/hr/i-047474-eye-cream-1-940.jpg,"Water/aqua/ eau, simmondsia chinensis (jojoba) seed oil, butyrospermum parkii (shea) butter, polyglyceryl-3 rice branate, glycerin, coconut alkanes, cetearyl alcohol, propanediol, polyglyceryl-6 distearate, cetyl phosphate, polyacrylate-13, isododecane, phenoxyethanol, caprylyl glycol, glyceryl stearate citrate, tetrahexyldecyl ascorbate, polyisobutene, mica, dimethicone crosspolymer, titanium dioxide (ci 77891) coco-caprylate/caprate, candelilla/ jojoba/rice bran polyglyceryl-3 esters, cetyl alcohol, acrylates/c10-30 alkyl acrylate crosspolymer, sodium hydroxide, polyglyceryl-3 cocoate, polyglyceryl-4 caprate, polyglyceryl-6 caprylate, polyglyceryl-6 ricinoleate, camellia sinensis leaf extract, lactobacillus ferment lysate, polymethylsilsesquioxane, punica granatum extract, trisodium ethylenediamine disuccinate, ethylhexylglycerin, hdi/trimethylol hexyllactone crosspolymer, polysorbate 20, iron oxides (ci 77491), sorbitan isostearate, 3-o-ethyl ascorbic acid, tocopheryl acetate, lactobacillus ferment, caffeine, tocopherol, actinidia chinensis (kiwi) seed oil, citric acid, glyceryl stearate, sodium stearoyl lactylate","The delicate eye area needs extra TLC and this cream delivers that in spades. Formulated with caffeine, green tea, and pomegranate extracts as well as shea butter, jojoba oil and vitamins E and C, this nourishing eye cream helps to brighten, hydrate, fight dark circles, reduce puffiness and the appearance of fine lines and wrinkles. It s a potent recipe designed to treat and care for the eyes.",Eye Care,
Go-To,12 Days of Go-To,$150.00 ,,12 days of mini size Go-To treats.,https://www.mecca.com.au/on/demandware.static/-/Sites-mecca-online-catalog/default/dwde20d8c7/product/goto/hr/i-045836-12-days-of-go-to-1-940.jpg,"Water, propanediol, Betaine, Sodium ascorbyl phosphate, Niacinamide, Saccharide isomerate, Kakadu plum extract, Finger lime extract, Tasmanian Pepper Leaf extract, Glucomannan, Pseudoalteromonas Exopolysaccharides, Xanthan gum, Dehydroacetic acid, Heptyl glucoside, Ethanol, Benzyl Alcohol, Natural Fragrance (peony and white jasmine), Sunflower oil, sweet almond oil, caprylic/capric triglyceride, camellia oil, passion fruit seed oil, polyglyceryl-2 sesquioleate, argan oil, isoamyl laurate, vitamin e, polyglyceryl-2 caprate, natural fragrance (roses, tuberoses and gardenias), rosemary leaf extract, Almond oil, jojoba oil, macadamia oil, brazil nut oil, evening primrose oil, buriti oil, arnica oil, rosehip oil, calendula oil, kiwi fruit seed oil, tocopherol (vitamin e), totarol, rosemary leaf extract, natural fragrance (orange blossom & rose gardenia.), Water, sodium cocoamphoacetate, glycerin, lauryl glucoside, sodium cocoyl glutamate, sodium lauryl glucose carboxylate, sodium chloride, dehydroacetic acid, benzyl alcohol, citric acid, white willow bark extract, natural fragrance (ginger, mandarin and lime), Water, shea butter, sweet almond oil, apricot kernel oil, glyceryl oleate citrate, amla berry extract, arachidyl alcohol, behenyl alcohol, avocado oil, sunflower oil, mango butter, milk thistle ethyl ester, benzyl alcohol, coenzyme q10, arachidyl glucoside, vitamin e, sodium citrate, lysolecithin, sclerotium gum, xanthan gum, pullulan, dehydroacetic acid, natural fragrance (fig and oriental rose), Water, shea butter, ethyl macadamiate, amla berry extract, cupuacu butter, cocoa butter, betaine, glyceryl oleate citrate, arachidyl alcohol, macadamia oil, jojoba esters, behenyl alcohol, xanthan gum, benzyl alcohol, arachidyl glucoside, tocopherol, natural fragrance (gourmand orange blossom rose), sodium citrate, dehydroacetic acid, Ultra medical grade lanolin, shea butter, apricot kernel oil, beeswax, sweet almond oil, evening primrose oil, vitamin e, fragrance (pure pomegranate), pomegranate seed oil, calendula oil, jojoba oil, avocado oil, Water, zinc oxide (nano), caprylic/capric triglyceride, propanediol, cetostearyl alcohol, betaine, shea butter, coco-glucoside, sorbitan olivate, natural fragrance (geranium and pomegranate), glycerol isostearate, beeswax, lecithin, milk thistle ethyl ester, coenzyme q10, vitamin e, saccharide isomerate, polygonum aviculare extract (natural knotgrass extract), glycerin, sunflower oil, xanthan gum, sodium chloride, glyceryl caprylate, polyhydroxystearic acid, cerium oxide, stearic acid, caprylhydroxamic acid, Water, coconut oil, sweet almond oil, shea butter, glycerin, squalane, cetearyl olivate, sorbitan olivate, beeswax, saccharide isomerate, sunflower seed oil, chamomile leaf extract, licorice root extract, gotu kola extract, rosemary leaf extract, baikal skullcap root extract, green tea leaf extract, japanese knotweed root extract, vitamin e, xanthan gum, cetyl palmitate, sorbitan palmitate, benzyl alcohol, sodium citrate, dehydroacetic acid, citric acid, natural fragrance (contains pink pepper, black pepper, buchu, lemon, orange, and patchouli oils)","Give the gift of good skin this holiday season with this limited-edition advent calendar filled with 12 Go-To goodies. Included is a range of skincare, lip care, hand care and more. The 12 Days of Go-To features custom carton artwork by by Lynette Nangala Singleton, titled,  Ngapa Jukurrpa .",Skin Care Packs,
Kylie Skin,Vanilla Milk Toner,$38.00 ,VeganSulphate-freeParaben-freeAlcohol-free,"A gentle, purifying alcohol-free facial toner",https://www.mecca.com.au/on/demandware.static/-/Sites-mecca-online-catalog/default/dw7943ac73/product/kylies/hr/i-047479-vanilla-milk-toner-1-940.jpg,"Water/aqua/eau, glycerin, squalane, dicaprylyl ether, neopentyl glycol diethylhexanoate, phenoxyethanol, prunus armeniaca (apricot) kernel oil, pyrus malus (apple) fruit extract, sorbitan stearate, ppg-26-buteth-26, polyglyceryl-3 laurate, glyceryl stearate, peg-100 stearate, peg-40 hydrogenated castor oil, chlorphenesin, persea gratissima (avocado) oil, prunus amygdalus dulcis (sweet almond) oil, musa sapientum (banana) leaf extract, sucrose cocoate, acrylates/c10-30 alkyl acrylate crosspolymer, simmondsia chinensis (jojoba) seed oil, fragrance (parfum), chondrus crispus extract, disodium edta, aminomethyl propanol, 1,2-hexanediol, sodium hyaluronate, hydroxyacetophenone, linalool, benzyl salicylate, hedychium coronarium root extract, tocopherol, actinidia chinensis (kiwi) seed oil","Free from harsh alcohols, this facial toner has been formulated to purify, hydrate and soothe skin rather than strip away natural moisture. Antioxidant-rich apple extract, squalane and sodium hyaluronate have been included to improve the look and feel of skin while hydrating. Jojoba seed, kiwi seed, avocado and apricot kernel oils have been included to soften and nourish. Lightly-fragranced, this toner smells like delicious vanilla milk and will slot seamlessly into any beauty routine. ",Cleanser & Toner,Toner
Kylie Skin,Foaming Face Wash,$40.00 ,VeganSulphate-freeParaben-free,"A gentle, foaming facial cleanser.",https://www.mecca.com.au/on/demandware.static/-/Sites-mecca-online-catalog/default/dwb8424b23/product/kylies/hr/i-047475-foaming-face-wash-1-940.jpg,"Water/aqua/eau, potassium cocoyl glycinate, cocamidopropyl betaine, potassium cocoate, glycerin, hydroxyacetophenone, 1,2-hexanediol, caprylyl glycol, trisodium ethylenediamine disuccinate, citric acid, polyquaternium-39, fragrance (parfum), sodium benzoate, actinidia chinensis (kiwi) seed oil, sodium hyaluronate, phenoxyethanol","This formula cleanses skin by helping to remove dirt, oil and makeup for a fresh, bright complexion. Infused with ultra-nourishing kiwi seed oil, glycerin and vitamins C and E to help maintain moisture and improve elasticity. ",Cleanser & Toner,Cleanser
Est√©e Lauder,Advanced Night Repair Synchronized Multi-Recovery Complex,$110.00 ,Hydrating,"An oil-free serum for firmer, hydrated skin.",https://www.mecca.com.au/on/demandware.static/-/Sites-mecca-online-catalog/default/dwdf888815/product/esteel/hr/i-047178-advanced-night-repair-synchronized-multi-recovery-complex-30ml-1-940.jpg,"Water/aqua/eau, bifida ferment lysate, peg-8, propanediol, bis-peg-18 methyl ether dimethyl silane, methyl gluceth-20, glycereth-26, peg-75, butylene glycol, adansonia digitata seed extract, tripeptide-32, sodium hyaluronate, yeast extract/faex/extrait de levure, lactobacillus ferment, cola acuminata (kola) seed extract, anthemis nobilis (chamomile) flower extract, hydrolyzed algin, pantethine, caffeine, lecithin, sodium rna, bisabolol, squalane, glycerin, oleth-3 phosphate, caprylyl glycol, oleth-3, oleth-5, choleth-24, hydrogenated lecithin, jojoba wax peg-120 esters, ceteth-24, tocopheryl acetate, carbomer, triethanolamine, tetrasodium edta, bht, xanthan gum, potassium sorbate, disodium edta, phenoxyethanol, red 4 (ci 14700), yellow 5 (ci 19140)","Hydrate and nourish skin with this next generation take on Est e Lauder s iconic Advanced Night Repair serum. With Chronolux  Power Signal Technology, this deep and fast-penetrating serum helps reduce the appearance of lines and wrinkles caused by environmental aggressors while plumping and firming. The oil-free formula delivers 72-hour hydration while simultaneously providing eight-hour antioxidant power and ensuring skin tone and texture is improved and pores look diminished. This dermatologist and ophthalmologist-tested, non-acnegenic serum leaves skin feeling refreshed and radiant. ",Treatment,Oils & Serums
Tatcha,Dewy Skin Favorites To Go,$96.00 ,HydratingBrighteningExfoliatingFirmingSulphate-freeParaben-free,Trio of Tatcha favourites for a dewy base.,https://www.mecca.com.au/on/demandware.static/-/Sites-mecca-online-catalog/default/dw8e93be5a/product/tatcha/hr/i-047545-dewy-skin-favorites-to-go-1-940.jpg,"Squalane, oryza sativa (rice) bran wax, cera alba/beeswax/cire d  abeille, saccharomyces/camellia sinensis leaf/cladosiphon okamuranus/rice ferment filtrate, melissa officinalis leaf extract, betaphycus gelatinum extract, sodium hyaluronate, tocopherol, aqua/water/eau, pentylene glycol, butylene glycol, propanediol, ethylhexylglycerin, phenoxyethanol, Aqua/water/eau, microcrystalline cellulose, propanediol, disodium cocoyl glutamate, glycerin, acrylates copolymer, glyceryl stearate, sodium caproyl methyltaurate, coco-betaine, parfum/fragrance, saccharomyces/camellia sinensis leaf/cladosiphon okamuranus/rice ferment filtrate, oryza sativa (rice) powder, chondrus crispus extract, sodium hyaluronate, betaphycus gelatinum extract, lauryl glucoside, potassium hydroxycitrate, disodium edta, phenoxyethanol, ethylhexylglycerin, alcohol, Aqua/water/eau, glycerin, squalane, cyclopentasiloxane, propanediol, triethylhexanoin, camellia japonica seed oil, saccharomyces/camellia sinensis leaf/cladosiphon okamuranus/rice ferment filtrate, sericin, glycyrrhiza glabra (licorice) root extract, oryza sativa (rice) germ oil, chondrus crispus extract, panax ginseng root extract, royal jelly extract, ziziphus jujuba fruit extract, thymus serpyllum extract, scutellaria baicalensis root extract, polyglyceryl-2 diisostearate, ppg-5-ceteth-10 phosphate, trideceth-12, sodium lauroyl lactylate, sorbitan stearate, ethylhexylglycerin, behenyl alcohol, glyceryl stearate se, parfum/fragrance, sodium hyaluronate, alcohol, phenoxyethanol","Keep your complexion in check and achieve a dewy glow (minus the shine) with this set of three Tatcha favourites. Included is the Tatcha Serum Stick 8g which provides targeted moisture and instantly helps to relieve the appearance of dry skin, Liquid Silk Canvas 10g an anti-ageing primer that protects against pollution and extends the wear of makeup, and lastly the Luminous Dewy Skin Mist 12ml, an ultra-fine mist that delivers immediate and intense hydration. ",Skin Care Packs,
Kylie Skin,Vitamin C Serum,$50.00 ,VeganSulphate-freeParaben-free,"A rich, non-greasy and glow-inducing serum",https://www.mecca.com.au/on/demandware.static/-/Sites-mecca-online-catalog/default/dw0a578d56/product/kylies/hr/i-047477-kylie-skin-vitamin-c-serum-1-940.jpg,"Water/aqua/eau, tetrahexyldecyl ascorbate, glycerin, phenoxyethanol, carthamus tinctorius (safflower) seed oil, ammonium acryloyldimethyltaurate/vp copolymer, dipalmitoyl hydroxyproline, tocopheryl acetate, tetrasodium glutamate diacetate, carbomer, polysorbate 20, sodium metabisulfite, panthenol, ferulic acid, ethylhexylglycerin, sodium hydroxide, camellia sinensis leaf extract","Fight dull skin and treat your complexion to a slew of brightening and hydrating ingredients. Formulated with vitamin C, camellia oleifera leaf and glycerin, this rich, non-greasy serum delivers on antioxidants, which work to protect and nourish while ensuring skin is hydrated and radiant. ",Treatment,Oils & Serums
Tatcha,Balanced Skin Travel Duo,$45.00 ,Oil freeSulphate-freeParaben-free,"Dynamic duo for hydrated, healthy skin.",https://www.mecca.com.au/on/demandware.static/-/Sites-mecca-online-catalog/default/dw88079027/product/tatcha/hr/i-045548-balanced-skin-travel-duo-1-940.jpg,"Aqua/water/eau, sodium cocoyl glutamate, propanediol, glycerin, acrylates copolymer, coco-betaine, saccharomyces/camellia sinensis leaf/cladosiphonokamuranus/rice ferment filtrate, luffa cylindrica fruit/leaf/stem extract, luffa cylindrica fruit, sodium lauroyl hydrolyzed silk, rosa multiflora fruit extract, belamcanda chinensis root extract, potassium hydroxide, sodium chloride, polyglyceryl-10 dioleate, polyglyceryl-2 sesquicaprylate, butylene glycol, ethylhexylglycerin, tetrasodium edta, parfum/fragrance, alcohol, phenoxyethanol, Aqua/water/eau, saccharomyces/camellia sinensis leaf/cladosiphon okamuranus/rice ferment filtrate, dimethicone, propanediol, glycerin, diglycerin, diphenylsiloxy phenyl trimethicone, gold, belamcanda chinensis root extract, rosa multiflora fruit extract, houttuynia cordata extract, sophora angustifolia root extract, sodium hyaluronate, lecithin, pistacia lentiscus (mastic) gum, sodium chloride, sodium citrate, mica, peg-9 polydimethylsiloxyethyl dimethicone, dimethicone/peg-10/15 crosspolymer, dimethicone/phenyl vinyl dimethicone crosspolymer, disodium edta, tin oxide, titanium dioxide, butylene glycol, ethylhexylglycerin, parfum/fragrance, alcohol, phenoxyethanol","Reach for this pair when you need reliable, effective skincare on the go. Tatcha s travel-friendly Deep Cleanse is a purifying gel cleanser infused with natural exfoliants and clarifying extracts from the Japanese luffa fruit that gently lifts impurities, unclogs pores, and balances skin moisture for a healthy-looking glow. The Water Cream transforms to release a burst of skin-improving nutrients, powerful Japanese botanicals, and refreshing hydration for clear, poreless skin that is perfectly prepped for makeup. This team makes the perfect jet-set companions, especially for those with oily or combination skin.",Skin Care Packs,
GOOP,GOOPGLOW Microderm Instant Glow Exfoliator,$200.00 ,VeganBrighteningExfoliatingFades pigmentationSulphate-freeParaben-free,Dual-action exfoliation that brightens.,https://www.mecca.com.au/on/demandware.static/-/Sites-mecca-online-catalog/default/dw3562ff2b/product/goopbe/hr/i-047483-goopglow-microderm-instant-glow-exfoliator-50ml-1-940.jpg,"Aqua, alumina, glycerin, cetearyl alcohol, glycolic acid, hydrated silica, limnanthes alba (meadowfoam) seed oil, squalane, glyceryl stearate, cetearyl olivate, sodium hydroxide, sorbitan olivate, garnet powder, quartz, ascorbic acid, terminalia ferdinandiana fruit extract, zizyphus jujuba seed extract, terminalia ferdinandiana seed oil, olea europaea (olive) leaf extract, carthamus tinctorius (safflower) seed oil, citrus aurantifolia (lime) oil, citrus aurantium dulcis (orange) peel oil, citrus limon (lemon) peel oil, citrus nobilis (mandarin orange) oil, lavendula hybrida oil, vetiveria zizanoides root oil, butyrospermum parkii (shea) butter, glyceryl caprylate, sodium stearoyl glutamate, citric acid, phenethyl alcohol, xylitol, caprylic acid, caprylhydroxamic acid, galactoarabinan, decyl glucoside, levan, dehydroxanthan gum, caprylyl glycol, citral, and limonene","Enjoy a physical and chemical exfoliation when you dip into this air-whipped dual-action microdermabrasion treatment. Designed to polish skin, smooth uneven texture, and reveal a healthy-looking, glowing complexion, the formula is densely packed with a blend of four powerful micro-exfoliating minerals (quartz, garnet, alumina, and silica). Rounding out this mix, glycolic acid has been included to help sweep away dry, dead skin cells and refine the appearance of pores for skin that is visibly softer, smoother, and more radiant.",Treatment,Scrubs & Exfoliators
Kylie Skin,Walnut Face Scrub,$38.00 ,VeganSulphate-freeParaben-free,"A gentle, non-abrasive facial exfoliant.",https://www.mecca.com.au/on/demandware.static/-/Sites-mecca-online-catalog/default/dwd67c3258/product/kylies/hr/i-047478-kylie-skin-walnut-face-scrub-1-940.jpg,"Water/aqua/eau, juglans regia (walnut) shell powder, cetyl alcohol, isopropyl palmitate, sodium cocoyl isethionate, glyceryl stearate, peg-100 stearate, cetearyl alcohol, glycerin, squalane, polysorbate 60, phenoxyethanol, acrylates/c10-30 alkyl acrylate crosspolymer, panthenol, aminomethyl propanol, chlorphenesin, allantoin, prunus armeniaca (apricot) kernel oil, simmondsia chinensis (jojoba) seed oil, xanthan gum, panax ginseng root extract, vaccinium myrtillus fruit extract, hydrolyzed viola tricolor extract, saccharum officinarum (sugarcane) extract, actinidia chinensis (kiwi) seed oil, citrus aurantium dulcis (orange) fruit extract, citrus limon (lemon) fruit extract, acer saccharum (sugar maple) extract, ethylhexylglycerin, sodium hyaluronate","Packed with fine, non-abrasive walnut powder and a blend of fruit extracts, a natural source of alpha-hydroxy acids (AHAs), this vegan exfoliant scrubs dead, dull skin away and leaves your complexion fresh and prepped for skincare. Brimming with squalane, glycerin, sodium hyaluronate and ginseng this scrub also strengthens, hydrates and energises skin while it works. Skin is left soft, moisturised and radiant.",Treatment,Scrubs & Exfoliators
Kylie Skin,Hydrating Face Mask,$58.00 ,VeganSulphate-freeParaben-free,"An antioxidant-rich, skin-brightening mask",https://www.mecca.com.au/on/demandware.static/-/Sites-mecca-online-catalog/default/dw8dde93b3/product/kylies/hr/i-047482-kylie-skin-hydrating-face-mask-1-940.jpg,"Water/Aqua/Eau, Caprylic/Capric Triglyceride, Cetearyl Alcohol, Niacinamide, Diheptyl Succinate, Isopentyldiol, Glycerin, Sorbitan Stearate, Hydroxyethyl Acrylate/Sodium Acryloyldimethyl Taurate Copolymer, Butyrospermum Parkii (Shea) Butter, Glyceryl Stearate, PEG-100 Stearate, Phenoxyethanol, Oryza Sativa (Rice) Bran Extract, Actinidia Chinensis (Kiwi) Seed Oil, Tocopheryl Acetate, Arginine HCl, Ethylhexylglycerin, Capryloyl Glycerin/Sebacic Acid Copolymer, Tetrahexyldecyl Ascorbate, Citric Acid, Chlorphenesin, Helianthus Annuus (Sunflower) Extract, Tetrasodium Glutamate Diacetate, Sorbitan Isostearate, Avena Sativa (Oat) Kernel Extract, Tocopherol, Rosmarinus Officinalis (Rosemary) Leaf Extract, Butylene Glycol, Aesculus Hippocastanum (Horse Chestnut) Seed Extract, Sodium Lauroyl Lactylate, Ceramide NP, Sodium Hyaluronate, Ceramide AP, Phytosphingosine, Cholesterol, Xanthan Gum, Carbomer, Ceramide EOP","Formulated antioxidants and vitamins, this creamy formula helps moisturise and soothe while improving the look and feel of your skin. Shea butter, ceramides, vitamin E and niacinamide, a brightening vitamin, have been included to ensure every time you swipe this mask on your skin is treated to a dose of nourishing ingredients. ",Treatment,Masks
The MECCA Edit,Skin Indulgence,$160.00 ,,Exclusive edit of MECCA favourites.,https://www.mecca.com.au/on/demandware.static/-/Sites-mecca-online-catalog/default/dwe0229d09/product/edit/hr/i-046156-skin-indulgence-1-940.jpg,"Prunus amygdalus dulcis (sweet almond) oil, caprylic/capric triglyceride, peg-6 caprylic/capric glycerides, peg-8 beeswax, cetearyl alcohol, sorbitan stearate, sambucus nigra (elderberry) seed oil, peg-60 almond glycerides, silica, avena sativa (oat) kernel oil, triticum vulgare (wheat) germ oil, butyrospermum parkii (shea) butter, citrus aurantium dulcis (orange) peel cera (wax), glycerin, lecithin, padina pavonica thallus extract, borago officinalis (starflower) seed oil, lavandula angustifolia (lavender) oil, phenoxyethanol, linalool, acacia decurrens (mimosa) flower wax, cocos nucifera (coconut) oil, rosa multiflora (rose) flower cera (wax), lavandula hybrida (lavandin) oil, pelargonium graveolens (geranium) flower oil, geraniol, eucalyptus globulus leaf oil, tocopherol, anthemis nobilis (chamomile) flower oil, citronellol, cinnamomum camphora (ho wood) wood oil, limonene, mentha arvensis (mint) leaf oil, simmondsia chinensis (jojoba) seed oil, citrus aurantium dulcis (orange) oil, fragrance (parfum), vitis vinifera (grape) seed oil, menthol, eugenia caryophyllus (clove) leaf oil, citric acid, Water/aqua/eau, glycerin, dimethicone, polysorbate 60, cetyl palmitate, propanediol, hydrogenated polydecene, sorbit stearate, squalane, imperata cylindrica, root extract, butylene glycol, tridecyl stearate, cucumis sativus (cucumber) fruit extract, actinidia chinensis (kiwi) fruit extract, cyathea medullaris leaf extract, salicornia herbacea extract, lavandula stoechas extract, hyaluronic acid, tridecyl trimellitate, tocopheryl acetate, dipentaerythrityl hexacapylate/hexacaprate, panthenol, acrylates/c10-30 alkyl acrylate crosspolymer, caprylic/capric triglyceride, ethylhexylglycerin, dimethiconol, glyceryl caprylate, hydrogenated vegetable oil, trideceth-6, sodium polyacrylate, caprylyl glycol, sodium hydroxide, ethylhexyl stearate, carbomer, tetrasodium edta, sodium benzoate, chlorphenesin, fragrance (parfum), alpha-isomethyl ionone, limonene, butylphenyl methylpropional, hexyl cinnamal, linalool, hydroxyisohexyl 3-cyclohexene carboxaldehyde, hydroxycitronellal, citronellol, benzyl benzoate, citral, yellow 5 (ci 19140), blue 1 (ci 42090), Squalane, oryza sativa (rice) bran wax, cera alba/beeswax/cire d  abeille, saccharomyces/camellia sinensis leaf/cladosiphon okamuranus/rice ferment filtrate, melissa officinalis leaf extract, betaphycus gelatinum extract, sodium hyaluronate, tocopherol, aqua/water/eau, pentylene glycol, butylene glycol, propanediol, ethylhexylglycerin, phenoxyethanol, Aqua (hungarian thermal water), glycerin, polysorbate 20, phenoxyethanol, pyrus malus (apple) fruit extract, saccharomyces (hungarian thermal water) ferment extract, disodium edta, ethylhexylglycerin, mannitol, malpighia punicifolia (acerola) fruit extract, chlorella vulgaris/lupinus albus protein ferment, pectin, rosa damascena flower water, citrus aurantium dulcis (orange) flower water, salvia officinalis (sage) leaf water, phospholipids, yeast extract, linalool, geraniol, citronellol, Aqua / water / eau, glycerin, dipropylene glycol, benzyl glycol, carrageenan, ceratonia siliqua gum, xanthan gum, cellulose gum, peg-60 hydrogenated castor oil, allantoin, butylene glycol, synthetic fluorphlogopite, prunus armeniaca (apricot / abricot) kernel oil, panthenol, trehalose, niacinamide, citrus paradisi (grapefruit / pamplemousse) fruit extract, alcohol, centella asiatica extract, glycyrrhiza glabra (liquorice / r glisse) root extract, agar, cyamopsis tetragonoloba gum, raspberry ketone, adenosine, calcium lactate, disodium edta, potassium chloride, glucose, tocopheryl acetate, phenoxyethanol, sodium hyaluronate, 1,2-hexanediol, pullulan, hydroxypropyl methylcellulose, porphyridium cruentum extract, rosa damascena (rose) extract, hydrolyzed collagen, ethylhexylglycerin, silk amino acids, glycine soja (soybean / soja) oil, sodium oleate, colloidal gold, hydrogenated lecithin, acetyl hexapeptide-8, fragrance / parfum, ci 77891 / titanium dioxide, ci 77491 / iron oxide","Give your skin the attention it deserves with this set of essentials that cleanse, hydrate, nourish and brighten. Your skin will thank you for it. ",Skin Care Packs,
GOOP,GOOPGENES All-In-One Nourishing Face Cream,$152.00 ,VeganHydratingBrighteningExfoliatingFirmingSulphate-freeParaben-free,"A nourishing, botanical-rich daily moisturiser.",https://www.mecca.com.au/on/demandware.static/-/Sites-mecca-online-catalog/default/dw205daad7/product/goopbe/hr/i-047494-goopgenes-all-in-one-nourishing-face-cream-1-940.jpg,"Water/aqua/eau, glycerin, shorea stenoptera seed butter, squalane, cetyl lactate, oleyl alcohol, vegetable oil (olus oil), dicaprylyl ether, propanediol, c12-16 alcohols, glyceryl stearate citrate, palmitic acid, simmondsia chinensis (jojoba) seed oil, hydrogenated lecithin, schisandra chinensis fruit extract, glycosphingolipids, glycolipids, oryza sativa (rice) bran extract, bidens pilosa extract, gossypium herbaceum seed oil, punica granatum flower extract, polyglyceryl-3 diisosterate, astrocaryum murumuru (palm) seed butter, linum usitatissimum (linseed) seed extract, polygonum aviculare (knotweed) extract, helianthus annuus (sunflower) extract, microcitrus australascica fruit extract, rosmarinus officinalis (rosemary) leaf extract, tocopherol, ribose, diheptyl succinate, capryloyl glycerin/sebacic acid copolymer, xanthan gum, ethylhexylglycerin, caprylhydroxamic acid, benzyl alcohol, potassium sorbate, tetrasodium glutamate diacetate, sodium hydroxide, sodium citrate","Dubbed an  all-in-one supercream  by Goop, this formula significantly improves firmness, elasticity, glow, the appearance of fine lines and wrinkles, and brightness after just four weeks. The unique whipped texture melts into skin and a single application leaves skin deeply nourished, firmer-looking, and moisturised for 48 hours. The clinically-tested formula is made with a megadose of plant-based ceramides, squalane, and seven highly active botanicals including schisandra fruit, illipe butter, and caviar lime that work synergistically to leave skin moisturised, soft, supple, smooth, firm, and even-toned. ",Moisturiser,Moisturiser
The Beauty Chef,GLOW Inner Beauty Essential Supercharged Formula,$65.00 ,Vegan,A skin and gut-supporting beauty powder.,https://www.mecca.com.au/on/demandware.static/-/Sites-mecca-online-catalog/default/dw11a86f94/product/thebea/hr/i-045399-glow-inner-beauty-essential-supercharged-formula-150g-1-940.jpg,"turmeric powder, buckwheat, millet, quinoa, lemon juice, sea minerals,  anthocyanins (from black carrot), dunaliella salina (1.3%), linseed, pepitas, sunflower seeds, maqui berry powder (0.7%), molasses, agave, ginger powder), guar galactomannan (4.8%), anthocyanins (from black carrot and grape skins), natural wild berry flavour, biologically active vitamin b complex from quinoa sprouts (panmol ) (2.5%), pomegranate fruit peel extract (1.9%), citric acid,  zinc ascorbate, stevia leaf extract, saccharomyces boulardii, natural beta carotene (0.4%), lactobacillus rhamnosus gut5y  (0.14%), kakadu plum","Brimming with 18 Certified Organic wholefoods including bio-fermented maqui berries, queen garnet plum and pomegranate fruit peel extract, this potent berry-flavoured probiotic supplement promises to supercharge your beauty regimen. The formula also boasts vitamin C to help boost collagen production and zinc to support healthy hair and nails while promoting resilient, luminous skin from the inside out thanks to provitamin A, broad-spectrum B vitamins and more probiotics and postbiotics^ courtesy of The Beauty Chef s more potent fermentation process. It s the boost your gut and skin have been waiting for.",Supplements,
The MECCA Edit,The Double Cleanse,$60.00 ,,A made-for you set featuring two face cleansers.,https://www.mecca.com.au/on/demandware.static/-/Sites-mecca-online-catalog/default/dw7a3ef190/product/edit/hr/i-046155-double-cleansing-1-940.jpg,"Paraffinum Liquidum, Peg-30 Lanolin, Cetearyl Alcohol, Bis-Diglyceryl Polyacyladipate-2, Aluminum Stearate, Theobroma Cacao (Cocoa) Seed Butter, Peg-75 Lanolin, Phenoxyethanol, Chamomilla Recutita (Matricaria) Flower Oil, Eucalyptus Globulus Leaf Oil, Eugenia Caryophyllus (Clove) Leaf Oil, Humulus Lupulus (Hops) Cone Oil, Bht, Eugenol, Limonene, Vitis Vinifera Seed Oil, Glycerin, Caprylic/Capric Triglyceride, Aqua (Water), Sucrose Laurate, Limnanthes Alba Seed Oil, Parfum (Fragrance), Helianthus Annuus (Sunflower) Seed Oil Unsaponifiables, Sucrose Stearate, Sucrose Palmitate, Limonene, Linalool","Everything you need to melt away makeup, SPF, excess oil and dirt can be found in this exclusive made-for you set. ",Skin Care Packs,
The Beauty Chef,COLLAGEN Inner Beauty Boost Supercharged ,$45.00 ,Vegan,A collagen and gut-supporting vegan concentrate.,https://www.mecca.com.au/on/demandware.static/-/Sites-mecca-online-catalog/default/dw1057338c/product/thebea/hr/i-045359-collagen-inner-beauty-boost-supercharged-500ml-1-940.jpg,"papaya fruit and leaf extract, blueberry powder, acai powder, goji berry powder, maqui berry powder, pomegranate extract, grape seed extract, lactobacillus acidophilus, l. casei, l. plantarum, l. bulgaricus, l. fermentum, bifidobacterium lactis, b. bifidum, saccharomyces cerevisiae (93%), zinc gluconate, stabiliser (glycerol) (derived from sustainable palm), ascorbic acid","This berry-flavoured concentrate is a nourishing and glow-boosting elixir crafted to support and protect your natural collagen and elastin while preserving the skin s structural proteins and protecting against free radical damage. Brimming with bio-fermented goji berry, grape seed extract, zinc and vitamin C, it s designed for those concerned with fine lines and premature ageing. This formula will slot seamlessly into your current beauty regimen and has been supercharged using The Beauty Chef's unique Flora Culture  fermentation process. The Collagen Inner Beauty Boost is fermented with a natural broad-spectrum probiotic to feed the beneficial bacteria in your gut because a healthy microbiome is the secret to radiant skin.",Supplements,
Dermalogica,Micro-Pore Mist,$32.00 ,VeganAnti-blemishDe-congestingExfoliatingPore minimisingOil freeParaben-free,"Pore minimizing, oil controlling mist.",https://www.mecca.com.au/on/demandware.static/-/Sites-mecca-online-catalog/default/dw849a4496/product/dermal/hr/i-046179-micro-pore-mist-1-940.jpg,"Water/ aqua/eau, niacinamide, hamamelis virginiana (witch hazel) extract, glycerin, lactobacillus ferment, butylene glycol, lactobacillus, polysorbate 20, panthenol, potassium sorbate, citric acid, cocos nucifera (coconut) fruit extract, dipotassium glycyrrhizate, cucumis sativus (cucumber) fruit extract, camellia oleifera (green tea) leaf extract, chamomilla recutita (matricaria) flower extract, rosa canina (rose hips) fruit extract, hydrolyzed hyaluronic acid, sodium hyaluronate, hexyl cinnamal, benzyl salicylate, citronellol","A vegan, do-it-all face mist that works to minimise the appearance of pores, reduces excess oil and helps to diminish the appearance of post-acne marks. Formulated with niacinamide, witch hazel, green tea and more, this antioxidant-rich blend will leave your skin looking and feeling clearer from the first spritz. ",Cleanser & Toner,Toner
The MECCA Edit,The Anti-Ageing Duo,$88.00 ,,Duo of Shiseido favourites for healthy skin.,https://www.mecca.com.au/on/demandware.static/-/Sites-mecca-online-catalog/default/dw4bb05f55/product/edit/hr/i-046163-the-anti-ageing-duo-1-940.jpg,"Water, alcohol, dipropylene glycol, glycerin, dimethicone, xylitol, diphenylsiloxy phenyl trimethicone, trehalose, cetyl ethylhexanoate, peg-60 glyceryl isostearate, silica, potassium methoxysalicylate, peg-5 glyceryl stearate, behenyl alcohol, phenoxyethanol, carbomer, butylene glycol, batyl alcohol, potassium hydroxide, tocopheryl acetate, peg/ppg-17/4 dimethyl ether, phytosteryl/octyldodecyl lauroyl glutamate, phytosteryl macadamiate, disodium edta, fragrance, xanthan gum, sodium metaphosphate, dipotassium glycyrrhizate, sodium metabisulfite, iron oxides 77492, angelica acutiloba root extract, olea europaea (olive) leaf extract, sodium acetylated hyaluronate, camellia sinensis leaf extract, iron oxides 77491, bupleurum falcatum root extract, royal jelly extract 0.00022000, tocopherol 0.00016000, paeonia suffruticosa root extract 0.00015000, thymus serpillum extract 0.00015000, panax ginseng root extract 0.00003000, Water, pentaerythrityl tetraethylhexanoate, butylene glycol, diphenylsiloxy phenyl trimethicone, glycerin, dipropylene glycol, potassium methoxysalicylate, peg-60 hydrogenated castor oil, phenoxyethanol, methylparaben, xanthan gum, carbomer, tocopheryl acetate, trisodium edta, sodium citrate, potassium hydroxide, bht, mineral oil, alcohol, retinol, polysorbate 20, citric acid, fragrance, angelica acutiloba root extract, olea europaea (olive) leaf extract, camellia sinensis leaf extract, bupleurum falcatum root extract","Target the appearance of fine lines, dullness and give skin a healthy serve of hydration with this innovative set including two of Shiseido's best.",Skin Care Packs,
LA MER,The Restorative Hydration Collection,$800.00 ,HydratingParaben-free,A duo of La Mer best sellers.,https://www.mecca.com.au/on/demandware.static/-/Sites-mecca-online-catalog/default/dw8e612632/product/lamer/hr/i-045627-the-restorative-hydration-collection-1-940.jpg,"Cyclopentasiloxane, algae extract, glycerin, dimethicone, polysilicone-11, isononyl isononanoate, dimethicone/peg-10/15 crosspolymer, cyclohexasiloxane, sesamum indicum (sesame) seed oil, medicago sativa (alfalfa) seed powder, helianthus annuus (sunflower) seedcake, prunus amygdalus dulcis (sweet almond) seed meal, eucalyptus globulus (eucalyptus) leaf oil, sodium gluconate, copper gluconate, calcium gluconate, magnesium gluconate, zinc gluconate, tocopheryl succinate, niacin, sesamum indicum (sesame) seed powder, water/aqua/eau, dimethicone crosspolymer, helichrysum arenarium (everlasting) extract, laminaria ochroleuca extract, triticum vulgare (wheat) flour lipids, citrus aurantifolia (lime) peel extract, crithmum maritimum extract, alteromonas ferment extract, chlorella vulgaris extract, yeast extract/faex/extrait de levure, cholesterol, linoleic acid, tocopherol, tetraacetylphytosphingosine, caprylic/capric triglyceride, rosmarinus officinalis (rosemary) leaf oil, ocimum basilicum (basil) oil, lavandula angustifolia (lavender) oil, lavandula hybrida (lavandin) oil, dipropylene glycol, alcohol denat., sodium citrate, eugenol, limonene, linalool, bht, phenoxyethanol, potassium sorbate, Seaweed (algae) extract , mineral oil/paraffinum liquidum/huile minerale , petrolatum , glycerin , isohexadecane , citrus aurantifolia (lime) extract , microcrystalline wax /cera microcristallina/cire microcristalline , lanolin alcohol , sesamum indicum (sesame) seed oil , eucalyptus globulus (ecalyptus) leaf oil , magnesium sulfate , sesamum indicum (sesame) seed , medicago sativa (alfalfa) seed powder , helianthus annuus (sunflower) seedcake , prunus amygdalus dulcis (sweet almond) seed meal , sodium gluconate , potassium gluconate , copper gluconate , calcium gluconate , magnesium gluconate , zinc gluconate , paraffin , tocopheryl succinate , niacin , beta-carotene , decyl oleate , aluminum distearate , octyldodecanol , citric acid , cyanocobalamin , magnesium stearate , panthenol , limonene , geraniol , linalool , hydroxycitronellal , citronellol , benzyl salicylate , citral , methylchloroisothiazolinone , methylisothiazolinone , alcohol denat. , fragrance (parfum)","This limited-edition set features two of La Mers bestsellers. The Concentrate helps to improve the appearance of redness and irritation in the skin, whilst Cr me de la Mer deeply nourishes and hydrates. Both products are housed in a luxe bag, gift-ready for a loved one to enjoy (or yourself). ",Skin Care Packs,
111SKIN,Master Masking Planner,$168.00 ,Paraben-free,The ultimate face and eye treatment mask set.,https://www.mecca.com.au/on/demandware.static/-/Sites-mecca-online-catalog/default/dw684f1699/product/1skin/hr/i-045532-the-master-masking-planner-1-940.jpg,"Aqua / water / eau, glycerin, dipropylene glycol, benzyl glycol, carrageenan, ceratonia siliqua gum, xanthan gum, peg-60 hydrogenated castor oil, allantoin, ethylhexylglycerin, agar, cyamopsis tetragonoloba (guar) gum, synthetic fluorphlogopite, raspberry ketone, calcium lactate, potassium chloride, glucose, tocopheryl acetate, disodium edta, mica, butylene glycol, caprylic/capric triglyceride, titanium/titanium dioxide, ubiquinone, hydrogenated lecithin, undaria pinnatifida (wakame / wakam ) extract, hydrolysed collagen, phenoxyethanol, corallina officinalis extract, sodium benzoate, potassium sorbate, acetyl tetrapeptide-5, fragrance / parfum, ci 77891 / titanium dioxide, ci 77007 / ultramarines, ci 77861 / tin oxide, Aqua / water / eau, glycerin, dipropylene glycol, carrageenan, benzyl glycol, ceratonia siliqua gum, peg-60 hydrogenated castor oil, xanthan gum, allantoin, titanium/titanium dioxide, niacinamide,  rosa canina (rosehip / cynorhodon) fruit extract, citrus paradisi (grapefruit / pamplemousse) fruit extract, ethylhexylglycerin, acacia senegal gum, tocopheryl acetate, ricinus communis (castor) seed oil, dipotassium glycyrrhizate, raspberry ketone, adenosine, synthetic fluorphlogopite, disodium edta, butylene glycol, calcium lactate, caprylic/capric triglyceride, macadamia ternifolia seed oil, peat water, hydrogenated lecithin, propylene glycol, polysorbate 20, retinol, 1,2-hexanediol, cholesterol, hydroxypropyl methylcellulose, citric acid, phenoxyethanol, peg-5 rapeseed sterol, brassica campestris (rapeseed / colza) sterol, silica, sodium hyaluronate, ceteth-3, ceteth-5, hydrolysed , potassium cetyl phosphate, potassium sorbate, diamond powder, fragrance / parfum, ci 77499 / iron oxides, ci 77891 / titanium dioxide, Aqua / eau / water, glycerin, pentylene glycol, trehalose, dipropylene glycol, propylene glycol, sodium levulinate, panthenol, citrus grandis (grapefruit / pamplemousse) fruit extract, sodium anisate, hydroxyethylcellulose, peg-60 hydrogenated castor oil, rosmarinus officinalis (rosemary / romarin) flower / leaf / stem water, sodium hyaluronate, phenoxyethanol, leuconostoc/radish root ferment lysate filtrate, lactic acid, propanediol, epilobium fleischeri (rosebay / rhododendron) extract, epilobium angustifolium flower / leaf / stem extract, melaleuca alternifolia (tea tree / arbre   th ) leaf oil, chlorella vulgaris extract, potassium sorbate, citric acid, sodium metabisulfite, fragrance / parfum, Water, glycerin, pentylene glycol, trehalose, dipropylene glycol, sodium levulinate, panthenol, aloe barbadensis leaf juice, propanediol, sodium anisate, hydroxyethylcellulose, peg-60 hydrogenated castor oil, rosmarinus officinalis (rosemary / romarin) flower / leaf / stem water, mannitol, sodium hyaluronate, phenoxyethanol, lactic acid, butylene glycol, 1,2-hexanediol, sodium citrate, melaleuca alternifolia (tea tree / arbre   th ) leaf oil, plankton extract, hydroxycinnamic acid, rutin, chlorella vulgaris extract, lecithin, sodium ascorbate, benzyl alcohol, acetyl tetrapeptide-15, dehydroacetic acid, tocopherol, fragrance / parfum, Aqua / water / eau, glycerin, dipropylene glycol, benzyl glycol, carrageenan, ceratonia siliqua gum, xanthan gum, cellulose gum, peg-60 hydrogenated castor oil, allantoin, butylene glycol, synthetic fluorphlogopite, prunus armeniaca (apricot / abricot) kernel oil, panthenol, trehalose, niacinamide, citrus paradisi (grapefruit / pamplemousse) fruit extract, alcohol, centella asiatica extract, glycyrrhiza glabra (liquorice / r glisse) root extract, agar, cyamopsis tetragonoloba (guar) gum, raspberry ketone, adenosine, calcium lactate, disodium edta, potassium chloride, glucose, tocopheryl acetate, phenoxyethanol, sodium hyaluronate, 1,2-hexanediol, pullulan, hydroxypropyl methylcellulose, porphyridium cruentum (red algae / algue rouge) extract, rosa damascena (rose) extract, hydrolysed collagen, ethylhexylglycerin, silk amino acids, glycine soja (soybean / soja) oil, sodium oleate, colloidal gold, hydrogenated lecithin, acetyl hexapeptide-8, fragrance / parfum, ci 77891 / titanium dioxide, ci 77491 / iron oxides, Aqua / water / eau, glycerin, butylene glycol, mannitol, ammonium glycyrrhizate, trehalose, alcohol, ectoin, panthenol, peg-60 hydrogenated castor oil, phenoxyethanol, caffeine, carbomer, zinc gluconate, magnesium ascorbyl phosphate, butyrospermum parkii (shea / karit ) butter, potassium hydroxide, aesculus hippocastanum (horse chestnut / marron) seed extract, citrus paradisi (grapefruit / pamplemousse) fruit extract, ethylhexylglycerin, allantoin, disodium edta, hydrogenated lecithin, prunus armeniaca (apricot / abricot) kernel oil, phenethyl alcohol, centella asiatica leaf extract, acetyl cysteine, glycyrrhiza glabra (liquorice / r glisse) root extract, silk amino acids, maltodextrin, pentapeptide-59, benzyl alcohol, potassium sorbate, sodium benzoate, fragrance / parfum, Aqua / water / eau, glycerin, dipropylene glycol, benzyl glycol, chondrus crispus powder, ceratonia siliqua (carob / caroube) gum, xanthan gum, cellulose gum, peg-60 hydrogenated castor oil, allantoin, caffeine, ethylhexylglycerin, cyamopsis tetragonoloba (guar) gum, agar, synthetic fluorphlogopite, raspberry ketone, calcium lactate, tocopheryl acetate, glucose, potassium chloride, disodium edta, mica, caprylic / capric triglyceride, titanium / titanium dioxide, butylene glycol, 1,2-hexanediol, ubiquinone, hydrolyzed collagen, hydrogenated lecithin, sodium hyaluronate, glucosyl hesperidin, undaria pinnatifida extract, sodium phosphate, corallina officinalis extract, caprylyl glycol, sodium benzoate, nonapeptide-1, acetyl tetrapeptide-5, potassium sorbate, disodium phosphate, fragrance / parfum, ci 77891 / titanium dioxide, ci 77007 / ultramarines, ci 77861 / tin oxide","The ultimate gift or travel companion for every skincare concern. The Master-Masking Planner features an array of 111Skin s most iconic and potent facial treatment masks. A mix of hydrogel and bio cellulose sheet masks help to firm, hydrate, clarify and brighten. The appearance of fine lines, wrinkles and redness is reduced, with the skin barrier function reinforced. ",Skin Care Packs,
LA MER,The Rejuvenating Hydration Collection,$150.00 ,Paraben-free,Set featuring hand and lip treatment.,https://www.mecca.com.au/on/demandware.static/-/Sites-mecca-online-catalog/default/dw76b58ee2/product/lamer/hr/i-045626-the-rejuvenating-hydration-collection-1-940.jpg,"Petrolatum, triisostearyl citrate, polyglyceryl-2 triisostearate, polybutene, octyldodecanol, polyglyceryl-10 pentaoleate, microcrystalline wax/cera microcristallina/cire microcristalline, cetyl peg/ppg-10/1 dimethicone, ethylene/propylene/styrene copolymer, algae (seaweed) extract, ppg-51/smdi copolymer, butyrospermum parkii (shea butter), tocopheryl acetate, sodium hyaluronate, cucumis sativus (cucumber) fruit extract, sesamum indicum (sesame) seed oil, eucalyptus globulus (eucalyptus) leaf oil, medicago sativa (alfalfa) seed powder, sesamum indicum (sesame) seed powder, prunus amygdalus dulcis (sweet almond) seed meal, hordeum vulgare (barley) extract/extrait d'orge, salicornia herbacea extract, helianthus annuus (sunflower) seedcake, olea europaea (olive) fruit oil, citrus aurantifolia (lime) peel extract, helianthus annuus (sunflower) seed wax, persea gratissima (avocado) oil, ricinus communis (castor) seed oil, theobroma grandiflorum seed butter, cocos nucifera (coconut) oil, astrocaryum murumuru seed butter, niacin, magnesium gluconate, zinc gluconate, calcium gluconate, copper gluconate, sodium gluconate, palmitoyl tripeptide-1, tourmaline, malachite, phytosphingosine, menthyl pca, phytosterols, tribehenin, glycerin, acetyl glucosamine, cholesterol, caprylic/capric triglyceride, menthoxypropanediol, ethylhexyl palmitate, simethicone, calcium aluminum borosilicate, calcium sodium borosilicate, synthetic fluorphlogopite, aluminum calcium sodium silicate, calcium carbonate, silica, tin oxide, water/aqua/eau, butylene/ethylene/styrene copolymer, titanium/titanium dioxide, polyethylene terephthalate, propylene glycol dicaprate, palmitic acid, oleic acid, ethylhexyl hydroxystearate, sorbitan isostearate, glyceryl distearate, alcohol denat., hydrogenated castor oil, flavor (aroma), linalool, limonene, benzyl benzoate, sodium saccharin, bht, tocopheryl succinate, tetrahexyldecyl ascorbate, alumina, acrylates copolymer,  [+/- mica, titanium dioxide (ci 77891), iron oxides (ci 77492), iron oxides (ci 77491), iron oxides (ci 77499), bismuth oxychloride (ci 77163), blue 1 lake (ci 42090), bronze powder (ci 77400), carmine (ci 75470), copper powder (ci 77400), red 6 (ci 15850), red 21 (ci 45380), red 27 (ci 45410), red 7 lake (ci 15850), red 28 lake (ci 45410), red 30 lake (ci 73360), red 33 lake (ci 17200), yellow 5 (ci 19140), yellow 6 (ci 15985), yellow 5 lake (ci 19140), yellow 6 lake (ci 15985)], Declustered water (-)/aqua/eau de-structuree (-) , declustered water (+)/aqua/eau de-structuree (+) , limnanthes alba (meadowfoam) seed oil , caprylic/capric triglyceride , cetyl alcohol , stearyl alcohol , dimethicone , glycerin , pentylene glycol , glyceryl stearate , coco-caprylate/caprate , tourmaline , triticum vulgare (wheat) germ extract , vitis vinifera (grape) fruit extract , hordeum vulgare (barley) extract/extrait d'orge , saccharomyces/copper ferment , caprylyl glycol , scutellaria baicalensis root extract , pantethine , cholesterol , ginkgo biloba leaf extract , algae (seaweed) extract , sesamum indicum (sesame) seed oil , medicago sativa (alfalfa) seed powder , helianthus annuus (sunflower) seedcake , prunus amygdalus dulcis (sweet almond) seed meal , eucalyptus globulus (eucalyptus) leaf oil , sodium gluconate , copper gluconate , calcium gluconate , magnesium gluconate , zinc gluconate , tocopheryl succinate , niacin , sesamum indicum (sesame) seed powder , glyceryl triacetyl ricinoleate , macadamia integrifolia seed oil , hexylene glycol , triethylhexanoin , bisabolol , linoleic acid , sodium hyaluronate , caffeine , morus nigra (mulberry) root extract , tocopheryl acetate , squalane , methyl glucose sesquistearate , tocopheryl nicotinate , crithmum maritimum extract , butylene glycol , magnesium sulfate , peg-100 stearate , xanthan gum , fragrance (parfum) , limonene , linalool , amyl cinnamal , hexyl cinnamal , benzyl benzoate , coumarin , citronellol , disodium edta , phenoxyethanol","A two-piece essentials set featuring La Mer's Lip Volumiser for plump, hydrated and nourished lips, and The Hand Treatment a rich, healing moisturiser that restores dry hands. Both products are housed in an artful bag, perfect for gifting. ",Skin Care Packs,
LA MER,Replenishing Moisture Collection,$520.00 ,,Four piece set that delivers intense moisture.,https://www.mecca.com.au/on/demandware.static/-/Sites-mecca-online-catalog/default/dw6285d230/product/lamer/hr/i-045628-replenishing-moisture-collection-1-940.jpg,The Lip Volumizer:Petrolatum triisostearyl citrate polyglyceryl-2 triisostearate polybutene octyldodecanol polyglyceryl-10 pentaoleate microcrystalline wax\cera microcristallina\cire microcristalline cetyl peg/ppg-10/1 dimethicone ethylene/propylene/styrene copolymer algae (seaweed) extract ppg-51/smdi copolymer butyrospermum parkii (shea butter) tocopheryl acetate sodium hyaluronate cucumis sativus (cucumber) fruit extract sesamum indicum (sesame) seed oil eucalyptus globulus (eucalyptus) leaf oil medicago sativa (alfalfa) seed powder sesamum indicum (sesame) seed powder prunus amygdalus dulcis (sweet almond) seed meal hordeum vulgare (barley) extract\extrait d'orge salicornia herbacea extract helianthus annuus (sunflower) seedcake olea europaea (olive) fruit oil citrus aurantifolia (lime) peel extract helianthus annuus (sunflower) seed wax persea gratissima (avocado) oil ricinus communis (castor) seed oil theobroma grandiflorum seed butter cocos nucifera (coconut) oil astrocaryum murumuru seed butter niacin magnesium gluconate zinc gluconate calcium gluconate copper gluconate sodium gluconate palmitoyl tripeptide-1 tourmaline malachite phytosphingosine menthyl pca phytosterols tribehenin glycerin acetyl glucosamine cholesterol caprylic/capric triglyceride menthoxypropanediol ethylhexyl palmitate simethicone calcium aluminum borosilicate calcium sodium borosilicate synthetic fluorphlogopite aluminum calcium sodium silicate calcium carbonate silica tin oxide water\aqua\eau butylene/ethylene/styrene copolymer titanium/titanium dioxide polyethylene terephthalate propylene glycol dicaprate palmitic acid oleic acid ethylhexyl hydroxystearate sorbitan isostearate glyceryl distearate alcohol denat. hydrogenated castor oil flavor (aroma) linalool limonene benzyl benzoate sodium saccharin bht tocopheryl succinate tetrahexyldecyl ascorbate alumina acrylates copolymer¬† [+/- mica titanium dioxide (ci 77891) iron oxides (ci 77492) iron oxides (ci 77491) iron oxides (ci 77499) bismuth oxychloride (ci 77163) blue 1 lake (ci 42090) bronze powder (ci 77400) carmine (ci 75470) copper powder (ci 77400) red 6 (ci 15850) red 21 (ci 45380) red 27 (ci 45410) red 7 lake (ci 15850) red 28 lake (ci 45410) red 30 lake (ci 73360) red 33 lake (ci 17200) yellow 5 (ci 19140) yellow 6 (ci 15985) yellow 5 lake (ci 19140) yellow 6 lake (ci 15985)]The Hand Treatment:Declustered water (-)\aqua\eau de-structuree (-)  declustered water (+)\aqua\eau de-structuree (+)  limnanthes alba (meadowfoam) seed oil  caprylic/capric triglyceride  cetyl alcohol  stearyl alcohol  dimethicone  glycerin  pentylene glycol  glyceryl stearate  coco-caprylate/caprate  tourmaline  triticum vulgare (wheat) germ extract  vitis vinifera (grape) fruit extract  hordeum vulgare (barley) extract\extrait d'orge  saccharomyces/copper ferment  caprylyl glycol  scutellaria baicalensis root extract  pantethine  cholesterol  ginkgo biloba leaf extract  algae (seaweed) extract  sesamum indicum (sesame) seed oil  medicago sativa (alfalfa) seed powder  helianthus annuus (sunflower) seedcake  prunus amygdalus dulcis (sweet almond) seed meal  eucalyptus globulus (eucalyptus) leaf oil  sodium gluconate  copper gluconate  calcium gluconate  magnesium gluconate  zinc gluconate  tocopheryl succinate  niacin  sesamum indicum (sesame) seed powder  glyceryl triacetyl ricinoleate  macadamia integrifolia seed oil  hexylene glycol  triethylhexanoin  bisabolol  linoleic acid  sodium hyaluronate  caffeine  morus nigra (mulberry) root extract  tocopheryl acetate  squalane  methyl glucose sesquistearate  tocopheryl nicotinate  crithmum maritimum extract  butylene glycol  magnesium sulfate  peg-100 stearate  xanthan gum  fragrance (parfum)  limonene  linalool  amyl cinnamal  hexyl cinnamal  benzyl benzoate  coumarin  citronellol  disodium edta  phenoxyethanolplease be aware that ingredient lists may change or vary from time to time. please refer to the ingredient list on the product package you receive for the most up to date list of ingredients.,"A luxurious four piece set designed to help renew, rejuvenate and restore skin. Included is The Replenishing Oil Exfoliator, to gently melt away dead skin cells, The Concentrate to add an extra layer of protection to your skin, The Eye Concentrate to deeply condition and reduce the appearance of dark circles, puffiness and surface discolorations, and cult-favourite Cr me de la Mer, an ultra-rich cream that delivers all-day hydration.",Skin Care Packs,
Sunday Riley,Pink Drink Firming Resurfacing Essence,$96.00 ,HydratingBrighteningExfoliatingFirmingSuplhate-freeParaben-freeFragrance-Free,Peptide-infused serum to help resurface and firm,https://www.mecca.com.au/on/demandware.static/-/Sites-mecca-online-catalog/default/dw0c0efe44/product/sunday/hr/i-045132-pink-drink-firming-and-resurfacing-essence-1-940.jpg,"Water/eau/aqua, yeast ferment (pink yeast) extract, saccharomyces ferment filtrate, honey extract, acetyl tetrapeptide- 11, acetyl tetrapeptide-9, epigallocatechin gallatyl glucoside (egcg), ceramide ap, ceramide eop, ceramide np, cucumis melo (melon) fruit extract, cucumis sativus (cucumber) seed extract, sea water, phospholipids, sphingolipids, laminaria digitata (sea kelp) extract, zymomonas ferment extract, prunus armeniaca (apricot) fruit extract, pyrus malus (apple) fruit extract, chlorella vulgaris extract, phytosphingosine, theobroma cacao (cocoa) extract, cocos nucifera (coconut) fruit extract, triethyl citrate, camellia sinensis leaf extract, citrus limon (lemon) peel oil, citrus aurantium dulcis (orange) peel extract, citrus aurantium dulcis_ (orange) fruit extract, citrus_paradisi (grapefruit) peel extract, vanilla planifolia fruit extract, jasminum o cinale_(jasmine) flower/leaf extract, rubus idaeus (raspberry) fruit extract, rose damascena extract, melia azadirachta leaf extract, melia azadirachta flower extract, polyglycerin- 6, glycerin, saccharide isomerate, cholesterol, sodium, lauroyl lactylate, corallina o cinalis extract, coccinia indica fruit extract, betaine, polysorbate 20, dimethyl isosorbide, phenoxyethanol, ethylhexylglycerin, carbomer, hydroxyacetophenone, xanthan gum, 1,2 hexanediol, matodextrin, tris (tetramethylhydroxypiperidinol) citrate, alcohol, sodium phytate.","Like a power drink for your skin, this peptide-infused essence works to help firm, balance and resurface. Featuring a cocktail of two peptides Acetyl Tetrapeptide-9 and Acetyl Tetrapeptide-11 that work together to create a firmer-looking skin surface, fermented honey and botanical extracts to help balance the skin's natural microbiome. ",Treatment,Oils & Serums
